Donald Sutherland,31 New Jersey USA,9000,donaldsutherland@yahoo.com
Cameron Diaz,40 New Jersey USA,9001,camerondiaz@gmail.com
Tim Burton,13 Monster State USA,9002,timburton@rediff.com
Kevin James,41 New Jersey USA,9003,kevinjames@yahoo.com
Patrick Stewart,3 Charlies Town USA,9004,patrickstewart@gmail.com
Russell Crowe,190 New Jersey USA,9005,russellcrowe@rediff.com
Keira Knightley,27 New Jersey USA,9006,keiraknightley@yahoo.com
Akiva Goldsman,MI6 HQ London UK,9007,akivagoldsman@gmail.com
Kate Bosworth,53 New Jersey USA,9008,katebosworth@rediff.com
Steve Starkey,Washignton CA 16-17 USA,9009,stevestarkey@yahoo.com
Angelina Jolie,Washignton CA 13-14 USA,9010,angelinajolie@gmail.com
Matt Damon,26 New Jersey USA,9011,mattdamon@rediff.com
Tim Allen,319 New Jersey USA,9012,timallen@yahoo.com
Ossie Davis,43 Descendant Town USA,9013,ossiedavis@gmail.com
Thandie Newton,Flinstones New york USA,9014,thandienewton@rediff.com
William Moseley,Washignton CA 23-24 USA,9015,williammoseley@yahoo.com
Adrien Brody,Abs Beverly Hills CA 90210-3604 USA,9016,adrienbrody@gmail.com
Gore Verbinski,Washignton CA 20-21 USA,9017,goreverbinski@rediff.com
David Heyman,Washignton CA 19-20 USA,9018,davidheyman@yahoo.com
Michael Caine,Washignton CA 15-16 USA,9019,michaelcaine@gmail.com
Audrey TautouIan,Pirates Inn Beverly Hills CA 90210-3604 USA,9020,audreytautouian@rediff.com
Andrew Adamson,Washignton 16 USA,9021,andrewadamson@yahoo.com
Jon Peters,87 Paulo Alto USA,9022,jonpeters@gmail.com
David Kelly,89 New Jersey USA,9023,davidkelly@rediff.com
Jack Black,16 New Jersey,9024,jackblack@yahoo.com
Joaquin Phoenix,219 New Jersey USA,9025,joaquinphoenix@gmail.com
Eddie Murphy,113 New Jersey USA,9026,eddiemurphy@rediff.com
Brad Grey,15 New Jersey,9027,bradgrey@yahoo.com
Philip Seymour Hoffman,45 Penn State Ohio USA,9028,philipseymourhoffman@gmail.com
David Schwimmer,28 New Jersey USA,9029,davidschwimmer@rediff.com
Rupert Grint,25 New Jersey USA,9030,rupertgrint@yahoo.com
Nicole Kidman,Washignton CA 17-18 USA,9031,nicolekidman@gmail.com
Charles Roven,29 New Jersey USA,9032,charlesroven@rediff.com
Mark Wahlberg,Washignton CA 21-22 USA,9033,markwahlberg@yahoo.com
Diana Scarwid,23 Beverly Hills USA,9034,dianascarwid@gmail.com
Natalie Portman,Washignton 21-32 USA,9035,natalieportman@rediff.com
Brandon Routh,Washignton CA 18-19 USA,9036,brandonrouth@yahoo.com
Edward Norton,14 New Jersey USA,9037,edwardnorton@gmail.com
Darla K. Anderson,Washignton CA 14-15 USA,9038,darlak.anderson@rediff.com
Jerry Bruckheimer,115 New Jersey USA,9039,jerrybruckheimer@yahoo.com
Dakota Fanning,Washignton 12-13 USA,9040,dakotafanning@gmail.com
Carla Gugino,Forrest Beverly Hills CA 90210-2204 USA,9041,carlagugino@rediff.com
D. B. Sweeney,43 bon temps usa,9042,d.b.sweeney@yahoo.com
Pete Doctor,23 Isle Verna Jurrasic,9043,petedoctor@gmail.com
Skandar Keynes,Cell 23 Azkaban Prison,9044,skandarkeynes@rediff.com
Halle BerryIan,32 Princeton Avenue New jersey USA,9045,halleberryian@yahoo.com
Denis Leary,Mirfield Yorkshire England UK,9046,denisleary@gmail.com
Ralph Winter,Cedar Rapids Iowa USA,9047,ralphwinter@rediff.com
Liam Neeson,Manhattan New York City New York USA,9048,liamneeson@yahoo.com
Mike Newell,Dorchester Boston Massachusetts USA,9049,mikenewell@gmail.com
patrick stewart,Boston Massachusetts USA,9050,patrickstewart@rediff.com
Naomi Watts,Melbourne Victoria Australia,9051,naomiwatts@yahoo.com
John Leguizamo,Catskill Mountains New York USA,9052,johnleguizamo@gmail.com
Doug Liman,London England UK,9053,dougliman@rediff.com
Michelle Pfeiffer,Boston Massachusetts USA,9054,michellepfeiffer@yahoo.com
Christian Bale,Grass Valley California USA,9055,christianbale@gmail.com
Ian McKellen,Villey USA,9056,ianmckellen@rediff.com
Robert Zemeckis,New Jersey USA,9057,robertzemeckis@yahoo.com
Paul Newman,MC Hill USA,9058,paulnewman@gmail.com
George Lucas,Old Palace London,9059,georgelucas@rediff.com
Ron Howard,A.S Church London,9060,ronhoward@yahoo.com
Eric Leighton,Bernado USA,9061,ericleighton@gmail.com
Elijah wood,Nahrin Point NewYork,9062,elijahwood@rediff.com
Nancy Meyers,Dwayne Church France,9063,nancymeyers@yahoo.com
Pam Marsden,George tub Germony,9064,pammarsden@gmail.com
Susan Cartsonis,31 New Jersey USA,9065,susancartsonis@rediff.com
Bonnie Hunt,40 New Jersey USA,9066,bonniehunt@yahoo.com
Harrison Ford,13 Monster State USA,9067,harrisonford@gmail.com
Douglas Wick,41 New Jersey USA,9068,douglaswick@rediff.com
Jerry Weintraub,3 Charlies Town USA,9069,jerryweintraub@yahoo.com
Alec Baldwin,190 New Jersey USA,9070,alecbaldwin@gmail.com
Eva Green,27 New Jersey USA,9071,evagreen@rediff.com
halle belly,MI6 HQ London UK,9072,hallebelly@yahoo.com
Ewan McGregor,53 New Jersey USA,9073,ewanmcgregor@gmail.com
Ben Affleck,Washignton CA 16-17 USA,9074,benaffleck@rediff.com
Tom Cruise,Washignton CA 13-14 USA,9075,tomcruise@yahoo.com
Samuel L. Jackson,26 New Jersey USA,9076,samuell.jackson@gmail.com
Michael Bay,319 New Jersey USA,9077,michaelbay@rediff.com
Chris columbus,43 Descendant Town USA,9078,chriscolumbus@yahoo.com
Geoffrey Rush,Flinstones New york USA,9079,geoffreyrush@gmail.com
Mark Johnson,Washignton CA 23-24 USA,9080,markjohnson@rediff.com
Anthony Daniels,Abs Beverly Hills CA 90210-3604 USA,9081,anthonydaniels@yahoo.com
Robert De Niro,Washignton CA 20-21 USA,9082,robertdeniro@gmail.com
Anna Popplewell,Washignton CA 19-20 USA,9083,annapopplewell@rediff.com
Will Smith,Washignton CA 15-16 USA,9084,willsmith@yahoo.com
Kathleen Kennedy,Pirates Inn Beverly Hills CA 90210-3604 USA,9085,kathleenkennedy@gmail.com
John Lasseter,Washignton 16 USA,9086,johnlasseter@rediff.com
Freddie Highmore,87 Paulo Alto USA,9087,freddiehighmore@yahoo.com
Bryan Singer,89 New Jersey USA,9088,bryansinger@gmail.com
Dougray Scott,16 New Jersey,9089,dougrayscott@rediff.com
Christopher Lee,219 New Jersey USA,9090,christopherlee@yahoo.com
Ian McDiarmid,113 New Jersey USA,9091,ianmcdiarmid@gmail.com
Hayden Christensen,15 New Jersey,9092,haydenchristensen@rediff.com
Daniel Radcliffe,45 Penn State Ohio USA,9093,danielradcliffe@yahoo.com
George Clooney,28 New Jersey USA,9094,georgeclooney@gmail.com
Steven Soderbergh,25 New Jersey USA,9095,stevensoderbergh@rediff.com
Ridley Scott,Washignton CA 17-18 USA,9096,ridleyscott@yahoo.com
Chris Rock,29 New Jersey USA,9097,chrisrock@gmail.com
Rick McCallum,Washignton CA 21-22 USA,9098,rickmccallum@rediff.com
Daniel Craig,23 Beverly Hills USA,9099,danielcraig@yahoo.com
Brett Ratner,Washignton 21-32 USA,9100,brettratner@gmail.com
Brittany Murphy,Washignton CA 18-19 USA,9101,brittanymurphy@rediff.com
Jay Roach,14 New Jersey USA,9102,jayroach@yahoo.com
Lori Forte,Washignton CA 14-15 USA,9103,loriforte@gmail.com
Gail Katz,115 New Jersey USA,9104,gailkatz@rediff.com
Johnny Depp,Washignton 12-13 USA,9105,johnnydepp@yahoo.com
Frank Oz,Forrest Beverly Hills CA 90210-2204 USA,9106,frankoz@gmail.com
Helene Plotkin,43 bon temps usa,9107,heleneplotkin@rediff.com
Mads Mikkelsen,23 Isle Verna Jurrasic,9108,madsmikkelsen@yahoo.com
Orlando Bloom,Cell 23 Azkaban Prison,9109,orlandobloom@gmail.com
Shawn Levy,32 Princeton Avenue New jersey USA,9110,shawnlevy@rediff.com
Brad Pitt,Mirfield Yorkshire England UK,9111,bradpitt@yahoo.com
George Miller,Cedar Rapids Iowa USA,9112,georgemiller@gmail.com
John Goodman,Manhattan New York City New York USA,9113,johngoodman@rediff.com
Eva Mendes,Dorchester Boston Massachusetts USA,9114,evamendes@yahoo.com
Barbara Broccoli,Boston Massachusetts USA,9115,barbarabroccoli@gmail.com
Elijah Wood,Melbourne Victoria Australia,9116,elijahwood@rediff.com
Vince Vaughn,Catskill Mountains New York USA,9117,vincevaughn@yahoo.com
Mel Gibson,London England UK,9118,melgibson@gmail.com
Kate Beckinsale,Boston Massachusetts USA,9119,katebeckinsale@rediff.com
John Woo,Grass Valley California USA,9120,johnwoo@yahoo.com
Steven Spielberg,Villey USA ,9121,stevenspielberg@gmail.com
Sean Bean,New Jersey USA,9122,seanbean@rediff.com
Owen Wilson,MC Hill USA,9123,owenwilson@yahoo.com
Carlos Saldanha,Old Palace London,9124,carlossaldanha@gmail.com
Kenny Baker,A.S Church London,9125,kennybaker@rediff.com
James Marsden,Bernado USA,9126,jamesmarsden@yahoo.com
Brian Grazer,Nahrin Point NewYork,9127,briangrazer@gmail.com
McKellen,Dwayne Church France,9128,mckellen@rediff.com
Wolfgang Petersen,George tub Germony,9129,wolfgangpetersen@yahoo.com
Ving Rhames,14 New Jersey USA,9130,vingrhames@gmail.com
Donald De Line,Washignton CA 14-15 USA,9131,donalddeline@rediff.com
J. J. Abrams,115 New Jersey USA,9132,j.j.abrams@yahoo.com
Justin Chatwin,Washignton 12-13 USA,9133,justinchatwin@gmail.com
Ben Stiller,Forrest Beverly Hills CA 90210-2204 USA,9134,benstiller@rediff.com
Peter Jackson,43 bon temps usa,9135,peterjackson@yahoo.com
Mireille Soria,23 Isle Verna Jurrasic,9136,mireillesoria@gmail.com
Jan Blenkin,Cell 23 Azkaban Prison,9137,janblenkin@rediff.com
Martin Campbell,32 Princeton Avenue New jersey USA,9138,martincampbell@yahoo.com
F. Gary Gray,Mirfield Yorkshire England UK,9139,f.garygray@gmail.com
Aron Warner,Cedar Rapids Iowa USA,9140,aronwarner@rediff.com
Mike Myers,Manhattan New York City New York USA,9141,mikemyers@yahoo.com
Lauren Shuler Donner,Dorchester Boston Massachusetts USA,9142,laurenshulerdonner@gmail.com
Billy Crystal,Boston Massachusetts USA,9143,billycrystal@rediff.com
hugh Jackman,Melbourne Victoria Australia,9144,hughjackman@yahoo.com
Andy Tennant,Catskill Mountains New York USA,9145,andytennant@gmail.com
Tom Hanks,London England UK,9146,tomhanks@rediff.com
Helen Hunt,Boston Massachusetts USA,9147,helenhunt@yahoo.com
Bill Miller,Grass Valley California USA,9148,billmiller@gmail.com
Christopher Nolan,Villey USA,9149,christophernolan@rediff.com
Jack Rapke,New Jersey USA,9150,jackrapke@yahoo.com
Emma Watson,MC Hill USA,9151,emmawatson@gmail.com
Hugh Jackman,Old Palace London,9152,hughjackman@rediff.com
Eric Darnell:Tom McGrath,A.S Church London,9153,ericdarnell:tommcgrath@yahoo.com
Ray Romano,Bernado USA,9154,rayromano@gmail.com
James Lassiter,Nahrin Point NewYork,9155,jameslassiter@rediff.com
Viggo Mortensen,Dwayne Church France,9156,viggomortensen@yahoo.com
